"Status","Start Time","Stop Time","Duration in ms","Parent Suite","Suite","Sub Suite","Test Class","Test Method","Name","Description"
"passed","Sat Oct 03 02:19:38 GMT+05:00 2026","Sat Oct 03 02:19:39 GMT+05:00 2026","1015","","OrderApiTest","","OrderApiTest","createOrderWithoutIngredientsReturnsBadRequest","createOrderWithoutIngredientsReturnsBadRequest","Создание заказа без ингредиентов возвращает 400"
"passed","Sat Oct 03 02:19:33 GMT+05:00 2026","Sat Oct 03 02:19:38 GMT+05:00 2026","4876","","OrderApiTest","","OrderApiTest","createOrderWithAuthReturnsNumber","createOrderWithAuthReturnsNumber","Создание заказа с авторизацией возвращает номер заказа"
"passed","Sat Oct 03 02:19:55 GMT+05:00 2026","Sat Oct 03 02:19:55 GMT+05:00 2026","56","","RegisterApiTest","","RegisterApiTest","createUserWithoutName","createUserWithoutName","Создание пользователя без имени"
"passed","Sat Oct 03 02:19:51 GMT+05:00 2026","Sat Oct 03 02:19:52 GMT+05:00 2026","1017","","LoginApiTest","","LoginApiTest","loginWithWrongPassword","loginWithWrongPassword","Логин с неверным паролем"
"passed","Sat Oct 03 02:19:55 GMT+05:00 2026","Sat Oct 03 02:19:55 GMT+05:00 2026","65","","RegisterApiTest","","RegisterApiTest","createUserWithoutPassword","createUserWithoutPassword","Создание пользователя без пароля"
"passed","Sat Oct 03 02:19:55 GMT+05:00 2026","Sat Oct 03 02:19:55 GMT+05:00 2026","56","","RegisterApiTest","","RegisterApiTest","createUserWithoutEmail","createUserWithoutEmail","Создание пользователя без email"
"passed","Sat Oct 03 02:19:50 GMT+05:00 2026","Sat Oct 03 02:19:50 GMT+05:00 2026","994","","OrderApiTest","","OrderApiTest","createOrderWithoutAuthReturnsOk","createOrderWithoutAuthReturnsOk","Создание заказа без авторизации возвращает 200 (поведение стенда)"
"passed","Sat Oct 03 02:19:39 GMT+05:00 2026","Sat Oct 03 02:19:44 GMT+05:00 2026","4914","","OrderApiTest","","OrderApiTest","createOrderWithAuthReturnsOk","createOrderWithAuthReturnsOk","Создание заказа с авторизацией возвращает 200"
"passed","Sat Oct 03 02:19:52 GMT+05:00 2026","Sat Oct 03 02:19:53 GMT+05:00 2026","1020","","LoginApiTest","","LoginApiTest","loginWithWrongEmail","loginWithWrongEmail","Логин с неверным email"
"passed","Sat Oct 03 02:19:31 GMT+05:00 2026","Sat Oct 03 02:19:33 GMT+05:00 2026","2131","","OrderApiTest","","OrderApiTest","createOrderWithoutIngredientsReturnsMessage","createOrderWithoutIngredientsReturnsMessage","Создание заказа без ингредиентов возвращает сообщение об ошибке"
"passed","Sat Oct 03 02:19:53 GMT+05:00 2026","Sat Oct 03 02:19:54 GMT+05:00 2026","1125","","LoginApiTest","","LoginApiTest","loginExistingUser","loginExistingUser","Логин под существующим пользователем"
"passed","Sat Oct 03 02:19:54 GMT+05:00 2026","Sat Oct 03 02:19:55 GMT+05:00 2026","898","","RegisterApiTest","","RegisterApiTest","createUniqueUser","createUniqueUser","Создание уникального пользователя"
"passed","Sat Oct 03 02:19:49 GMT+05:00 2026","Sat Oct 03 02:19:49 GMT+05:00 2026","944","","OrderApiTest","","OrderApiTest","createOrderWithInvalidHashReturnsServerError","createOrderWithInvalidHashReturnsServerError","Создание заказа с неверным хешем возвращает 500"
"passed","Sat Oct 03 02:19:44 GMT+05:00 2026","Sat Oct 03 02:19:49 GMT+05:00 2026","4907","","OrderApiTest","","OrderApiTest","createOrderWithAuthReturnsSuccess","createOrderWithAuthReturnsSuccess","Создание заказа с авторизацией возвращает success=true"
"passed","Sat Oct 03 02:19:55 GMT+05:00 2026","Sat Oct 03 02:19:55 GMT+05:00 2026","203","","RegisterApiTest","","RegisterApiTest","createExistingUser","createExistingUser","Создание уже зарегистрированного пользователя"
